<?xml version="1.0" encoding="UTF-8"?>
<beans xmlns="http://www.springframework.org/schema/beans"
		xmlns:xsi="http://www.w3.org/2001/XMLSchema-instance" xmlns:p="http://www.springframework.org/schema/p"
		xmlns:context="http://www.springframework.org/schema/context"
	   	xmlns:aop="http://www.springframework.org/schema/aop" xmlns:tx="http://www.springframework.org/schema/tx"
		xmlns:mvc="http://www.springframework.org/schema/mvc"
	   xsi:schemaLocation="http://www.springframework.org/schema/beans http://www.springframework.org/schema/beans/spring-beans-4.0.xsd
        http://www.springframework.org/schema/mvc http://www.springframework.org/schema/mvc/spring-mvc-4.0.xsd
       	http://www.springframework.org/schema/context http://www.springframework.org/schema/context/spring-context-4.0.xsd
		http://www.springframework.org/schema/aop http://www.springframework.org/schema/aop/spring-aop-4.0.xsd http://www.springframework.org/schema/tx http://www.springframework.org/schema/tx/spring-tx-4.0.xsd
		http://www.springframework.org/schema/util http://www.springframework.org/schema/util/spring-util-4.0.xsd">
	<!-- 配置解析properties文件的工具类 -->
	<context:property-placeholder location="classpath:db.properties"/>
	
	<!-- 配置数据源 dataSource -->
	<bean id="dataSource" class="org.springframework.jdbc.datasource.DriverManagerDataSource">
		<property name="driverClassName" value="${jdbc.driver}"></property>
		<property name="url" value="${jdbc.url}"></property>
		<property name="username" value="${jdbc.username}"></property>
		<property name="password" value="${jdbc.password}"></property>
	</bean>
	
	<!-- 创建mybatis的上下文对象  -->
	<bean class="org.mybatis.spring.SqlSessionFactoryBean">
		<property name="dataSource">
			<ref bean="dataSource"/>
		</property>
		<property name="configLocation">
			<value>classpath:SqlMapperClient.xml</value>
		</property>
	</bean>

	<!-- 配置事物管理器的切面 -->
	<bean id="transactionMananger" class="org.springframework.jdbc.datasource.DataSourceTransactionManager">
		<property name="dataSource" ref="dataSource"/>
	</bean>

	<!-- 配置事物传播行为 ：其实就是那些方法应该受什么样的事物控制-->
	<tx:advice id="advice" transaction-manager="transactionMananger">
		<tx:attributes>
			<tx:method name="add*" propagation="REQUIRED"/>
			<tx:method name="modify*" propagation="REQUIRED"/>
			<tx:method name="update*" propagation="REQUIRED"/>
			<tx:method name="dorp*" propagation="REQUIRED"/>
			<tx:method name="del*" propagation="REQUIRED"/>
			<tx:method name="find*" read-only="true"/>
		</tx:attributes>
	</tx:advice>

	<!-- 那些类下的方法需要参与到当前的事物管理中 。配置切点 -->
	<aop:config>
		<aop:advisor advice-ref="advice" pointcut="execution(* cn.grace.service.*.*(..))"/>
	</aop:config>

	<!-- 扫描mybatis的接口与映射配置文件 -->
	<bean class="org.mybatis.spring.mapper.MapperScannerConfigurer">
		<property name="basePackage" value="cn.grace.mapper"/>
	</bean>
</beans>