<?xml version="1.0" encoding="UTF-8"?>
<beans xmlns="http://www.springframework.org/schema/beans"
	xmlns:xsi="http://www.w3.org/2001/XMLSchema-instance" xmlns:p="http://www.springframework.org/schema/p"
	xmlns:context="http://www.springframework.org/schema/context"
	xmlns:mvc="http://www.springframework.org/schema/mvc"
	xsi:schemaLocation="http://www.springframework.org/schema/beans http://www.springframework.org/schema/beans/spring-beans.xsd
        http://www.springframework.org/schema/mvc http://www.springframework.org/schema/mvc/spring-mvc-4.0.xsd
        http://www.springframework.org/schema/context http://www.springframework.org/schema/context/spring-context.xsd">
      <!-- 包的扫描器主要是扫描@controller -->
      <context:component-scan base-package="cn.grace.web.controller"/>

	   <!-- 注册两个新对象 主要是为了来处理springmvc中的其他anntation 如：@requestmapping -->	
	   <mvc:annotation-driven/>
	   
	   <!-- 视图解析器 -->
	   <bean class="org.springframework.web.servlet.view.InternalResourceViewResolver">
		<property name="prefix" value="/WEB-INF/jsp/" /><!-- jsp所在的前缀 -->
		<property name="suffix" value=".jsp" />
    </bean>
    <!-- 配置静态资源映射 -->
    <mvc:resources location="/WEB-INF/css/" mapping="/css/**"/>
	<mvc:resources location="/WEB-INF/js/" mapping="/js/**"/>
	<mvc:resources location="/WEB-INF/images/" mapping="/images/**"></mvc:resources>
</beans>